{"loss": [4.137214660644531, 3.3634846210479736, 2.954951047897339, 2.6756198406219482, 2.4199585914611816, 2.2128944396972656, 2.0183515548706055, 1.8489596843719482, 1.6710190773010254, 1.524678111076355, 1.37315034866333, 1.2578147649765015, 1.1552051305770874, 1.064511775970459, 1.0032591819763184, 0.9503089189529419, 0.8825682997703552, 0.83869868516922, 0.856513500213623, 0.8588428497314453], "accuracy": [0.2788269817829132, 0.47096773982048035, 0.5689149498939514, 0.6308504343032837, 0.7005278468132019, 0.7454545497894287, 0.7926099896430969, 0.8392961621284485, 0.8810557126998901, 0.9185923933982849, 0.9526099562644958, 0.9710264205932617, 0.9836950302124023, 0.9907331466674805, 0.9939002990722656, 0.9958944320678711, 0.9982404708862305, 0.9978885650634766, 0.9881525039672852, 0.9862756729125977], "val_loss": [4.143682479858398, 3.459279775619507, 3.007429838180542, 2.7254209518432617, 2.5752947330474854, 2.485079050064087, 2.430945873260498, 2.3277747631073, 2.2604501247406006, 2.1669952869415283, 2.1238274574279785, 2.022977828979492, 2.028998613357544, 1.949992060661316, 1.91349458694458, 1.850595235824585, 1.8155548572540283, 1.785854697227478, 1.8998472690582275, 1.827765941619873], "val_accuracy": [0.2710970342159271, 0.46202531456947327, 0.5569620132446289, 0.6202531456947327, 0.6592826843261719, 0.655063271522522, 0.6635020971298218, 0.6814345717430115, 0.6698312163352966, 0.7035865187644958, 0.7078059315681458, 0.7373417615890503, 0.7078059315681458, 0.7246835231781006, 0.7362869381904602, 0.7373417615890503, 0.7352320551872253, 0.7341772317886353, 0.695147693157196, 0.7078059315681458]}