{"loss": [4.206915378570557, 3.430994749069214, 2.939281702041626, 2.563152551651001, 2.2420241832733154, 1.952816367149353, 1.6892075538635254, 1.4660087823867798, 1.264849066734314, 1.1165211200714111, 0.9932248592376709, 0.8881015181541443, 0.805379331111908, 0.734617292881012, 0.6845113039016724, 0.647129237651825, 0.6012502312660217, 0.535778284072876, 0.5089685916900635, 0.4623356759548187, 0.7355861663818359, 0.6235994100570679], "accuracy": [0.21588176488876343, 0.40419915318489075, 0.5240748524665833, 0.6184974312782288, 0.7014837861061096, 0.774969220161438, 0.8441733717918396, 0.8924403190612793, 0.9343733787536621, 0.959767758846283, 0.9739604592323303, 0.9855726957321167, 0.9908509850502014, 0.9940179586410522, 0.9944284558296204, 0.9943112134933472, 0.9963638782501221, 0.9977127313613892, 0.99736088514328, 0.9986510872840881, 0.9212362766265869, 0.9665122032165527], "val_loss": [3.8642263412475586, 3.5108909606933594, 2.9715230464935303, 2.815232753753662, 2.6826083660125732, 2.4530909061431885, 2.3793106079101562, 2.298323154449463, 2.2390530109405518, 2.2112250328063965, 2.139479637145996, 2.144047975540161, 2.074906587600708, 1.9794597625732422, 2.0481343269348145, 1.9610286951065063, 1.8437496423721313, 1.856981635093689, 1.7618680000305176, 1.73483407497406, 2.0440800189971924, 1.8114632368087769], "val_accuracy": [0.2865435481071472, 0.37889182567596436, 0.4918205738067627, 0.5287598967552185, 0.5424802303314209, 0.5994722843170166, 0.6079155802726746, 0.6221635937690735, 0.6290237307548523, 0.6343007683753967, 0.6327176690101624, 0.6232190132141113, 0.6300791501998901, 0.6464380025863647, 0.6205804944038391, 0.6242744326591492, 0.6606860160827637, 0.6358839273452759, 0.6427440643310547, 0.6480211019515991, 0.5894458889961243, 0.6532981395721436]}