{"loss": [4.029601097106934, 3.218904733657837, 2.7890989780426025, 2.452566146850586, 2.1960132122039795, 1.9867080450057983, 1.7831529378890991, 1.600915789604187, 1.4467264413833618, 1.2962297201156616, 1.1693134307861328, 1.071524739265442, 0.9953497052192688, 0.9313774108886719, 0.8795683979988098, 0.8324477672576904, 0.7856392860412598, 0.7403318285942078, 0.6993783712387085, 0.657407283782959], "accuracy": [0.28574779629707336, 0.5032258033752441, 0.6092668771743774, 0.6980645060539246, 0.7588269710540771, 0.8095014691352844, 0.8656891584396362, 0.9061583280563354, 0.9400586485862732, 0.9689149856567383, 0.9855718612670898, 0.9948387145996094, 0.9983577728271484, 0.9992961883544922, 0.9997653961181641, 1.0, 1.0, 1.0, 1.0, 1.0], "val_loss": [4.104743480682373, 3.224144220352173, 2.87569260597229, 2.6448607444763184, 2.4821548461914062, 2.461456537246704, 2.354318857192993, 2.22235369682312, 2.184314012527466, 2.1844594478607178, 2.068776845932007, 1.9828459024429321, 1.9117608070373535, 1.8717403411865234, 1.8294621706008911, 1.7730257511138916, 1.7367147207260132, 1.6781742572784424, 1.6460000276565552, 1.6058036088943481], "val_accuracy": [0.27426159381866455, 0.5284810066223145, 0.5864979028701782, 0.6255274415016174, 0.6540084481239319, 0.6656118035316467, 0.6751055121421814, 0.7014768123626709, 0.7046413421630859, 0.6940928101539612, 0.7078059315681458, 0.7278481125831604, 0.7426160573959351, 0.7426160573959351, 0.7510548233985901, 0.7510548233985901, 0.75527423620224, 0.7489451766014099, 0.75, 0.7426160573959351]}