{"loss": [3.8913474082946777, 3.1391994953155518, 2.724351644515991, 2.4312455654144287, 2.19006085395813, 1.9758166074752808, 1.7882494926452637, 1.5761114358901978, 1.4219781160354614, 1.2646033763885498, 1.1326740980148315, 1.0482078790664673, 0.9677574038505554, 0.9165165424346924, 0.8769810199737549, 0.8431405425071716, 0.8408322930335999, 0.8157507181167603], "accuracy": [0.29888564348220825, 0.48785924911499023, 0.6018768548965454, 0.6639296412467957, 0.7210557460784912, 0.774193525314331, 0.8234604001045227, 0.8844574689865112, 0.9203519225120544, 0.9592961668968201, 0.9779472351074219, 0.9874486923217773, 0.9947214126586914, 0.9942522048950195, 0.9953079223632812, 0.9954252243041992, 0.9912023544311523, 0.9908504486083984], "val_loss": [4.089975357055664, 3.2797937393188477, 2.92934250831604, 2.662801504135132, 2.4653265476226807, 2.438554048538208, 2.2747278213500977, 2.169186592102051, 2.167987585067749, 2.1248667240142822, 2.0369527339935303, 2.0006611347198486, 1.9377268552780151, 1.8886559009552002, 1.886775255203247, 1.8245651721954346, 1.825068712234497, 1.8458003997802734], "val_accuracy": [0.23312236368656158, 0.4957805871963501, 0.5263713002204895, 0.5833333134651184, 0.6107594966888428, 0.6202531456947327, 0.6677215099334717, 0.6888185739517212, 0.699367105960846, 0.6962025165557861, 0.702531635761261, 0.7109704613685608, 0.7162446975708008, 0.7310126423835754, 0.7236286997795105, 0.7299578189849854, 0.7099156379699707, 0.7120253443717957]}