{"loss": [3.7583200931549072, 3.00555419921875, 2.6328601837158203, 2.348696708679199, 2.1175692081451416, 1.9020485877990723, 1.7335748672485352, 1.5632158517837524, 1.424544334411621, 1.3102456331253052, 1.212965965270996, 1.1381199359893799, 1.0819530487060547, 1.0029975175857544], "accuracy": [0.32414519786834717, 0.5006157755851746, 0.5826637744903564, 0.6435399651527405, 0.6993724703788757, 0.7511582970619202, 0.7875198125839233, 0.8272828459739685, 0.8570758104324341, 0.8777197599411011, 0.8924989700317383, 0.900475025177002, 0.9059879183769226, 0.9163685441017151], "val_loss": [3.5634207725524902, 3.1390411853790283, 2.787414073944092, 2.595414400100708, 2.529855489730835, 2.4229023456573486, 2.323622465133667, 2.374467611312866, 2.288081645965576, 2.302055597305298, 2.220590114593506, 2.1950273513793945, 2.2233047485351562, 2.203453302383423], "val_accuracy": [0.3936675488948822, 0.44538259506225586, 0.5366754531860352, 0.573614776134491, 0.5873351097106934, 0.5846965909004211, 0.6248021125793457, 0.6021108031272888, 0.6089709997177124, 0.6089709997177124, 0.6221635937690735, 0.6126648783683777, 0.6068601608276367, 0.6200527548789978]}